Sample	Batch	LibPool	site	season	village	commune	district	city	elevation_m	trapping.method	trip	month	genus	subgenus	species	genus_species	sex	blood_meal	number	old_eppendorf	old_box	new_eppendorf	new_box	Location	datetime_setup	datetime_collect	lat	long	id	latlong_provided	seq_priority
F1184	0	0	masked, available in supplementary info or upon request	Rainy	masked, available in supplementary info or upon request	masked, available in supplementary info or upon request	masked, available in supplementary info or upon request	masked, available in supplementary info or upon request	masked, available in supplementary info or upon request	masked, available in supplementary info or upon request	masked, available in supplementary info or upon request	October	Aedes	Aedimorphus	caecus	Aedes caecus	female	0	1	masked, available in supplementary info or upon request	masked, available in supplementary info or upon request	masked, available in supplementary info or upon request	masked, available in supplementary info or upon request	Pursat	2019-10-08 10:25:00	2019-10-09 10:15:00	masked, available in supplementary info or upon request	masked, available in supplementary info or upon request	FSPI_1184	masked, available in supplementary info or upon request	low
F1182	0	0	masked, available in supplementary info or upon request	Rainy	masked, available in supplementary info or upon request	masked, available in supplementary info or upon request	masked, available in supplementary info or upon request	masked, available in supplementary info or upon request	masked, available in supplementary info or upon request	masked, available in supplementary info or upon request	masked, available in supplementary info or upon request	October	Aedes	Aedimorphus	caecus	Aedes caecus	female	0	1	masked, available in supplementary info or upon request	masked, available in supplementary info or upon request	masked, available in supplementary info or upon request	masked, available in supplementary info or upon request	Pursat	2019-10-08 10:25:00	2019-10-09 10:15:00	masked, available in supplementary info or upon request	masked, available in supplementary info or upon request	FSPI_1182	masked, available in supplementary info or upon request	low
F1178	0	0	masked, available in supplementary info or upon request	Rainy	masked, available in supplementary info or upon request	masked, available in supplementary info or upon request	masked, available in supplementary info or upon request	masked, available in supplementary info or upon request	masked, available in supplementary info or upon request	masked, available in supplementary info or upon request	masked, available in supplementary info or upon request	October	Aedes	Aedimorphus	caecus	Aedes caecus	female	0	1	masked, available in supplementary info or upon request	masked, available in supplementary info or upon request	masked, available in supplementary info or upon request	masked, available in supplementary info or upon request	Pursat	2019-10-08 10:25:00	2019-10-09 10:15:00	masked, available in supplementary info or upon request	masked, available in supplementary info or upon request	FSPI_1178	masked, available in supplementary info or upon request	low
F1185	0	0	masked, available in supplementary info or upon request	Rainy	masked, available in supplementary info or upon request	masked, available in supplementary info or upon request	masked, available in supplementary info or upon request	masked, available in supplementary info or upon request	masked, available in supplementary info or upon request	masked, available in supplementary info or upon request	masked, available in supplementary info or upon request	October	Aedes	Aedimorphus	caecus	Aedes caecus	female	0	1	masked, available in supplementary info or upon request	masked, available in supplementary info or upon request	masked, available in supplementary info or upon request	masked, available in supplementary info or upon request	Pursat	2019-10-10 10:25:00	2019-10-11 10:35:00	masked, available in supplementary info or upon request	masked, available in supplementary info or upon request	FSPI_1185	masked, available in supplementary info or upon request	low
F1177	0	0	masked, available in supplementary info or upon request	Rainy	masked, available in supplementary info or upon request	masked, available in supplementary info or upon request	masked, available in supplementary info or upon request	masked, available in supplementary info or upon request	masked, available in supplementary info or upon request	masked, available in supplementary info or upon request	masked, available in supplementary info or upon request	October	Aedes	Aedimorphus	caecus	Aedes caecus	female	0	1	masked, available in supplementary info or upon request	masked, available in supplementary info or upon request	masked, available in supplementary info or upon request	masked, available in supplementary info or upon request	Pursat	2019-10-08 10:25:00	2019-10-09 10:15:00	masked, available in supplementary info or upon request	masked, available in supplementary info or upon request	FSPI_1177	masked, available in supplementary info or upon request	low
F1195	0	0	masked, available in supplementary info or upon request	Rainy	masked, available in supplementary info or upon request	masked, available in supplementary info or upon request	masked, available in supplementary info or upon request	masked, available in supplementary info or upon request	masked, available in supplementary info or upon request	masked, available in supplementary info or upon request	masked, available in supplementary info or upon request	October	Aedes	Stegomyia	gardnerii	Aedes gardneri	female	0	1	masked, available in supplementary info or upon request	masked, available in supplementary info or upon request	masked, available in supplementary info or upon request	masked, available in supplementary info or upon request	Pursat	2019-10-08 10:25:00	2019-10-09 10:15:00	masked, available in supplementary info or upon request	masked, available in supplementary info or upon request	FSPI_1195	masked, available in supplementary info or upon request	low
F1192	0	0	masked, available in supplementary info or upon request	Rainy	masked, available in supplementary info or upon request	masked, available in supplementary info or upon request	masked, available in supplementary info or upon request	masked, available in supplementary info or upon request	masked, available in supplementary info or upon request	masked, available in supplementary info or upon request	masked, available in supplementary info or upon request	October	Aedes	Stegomyia	gardnerii	Aedes gardneri	female	0	1	masked, available in supplementary info or upon request	masked, available in supplementary info or upon request	masked, available in supplementary info or upon request	masked, available in supplementary info or upon request	Pursat	2019-10-08 10:25:00	2019-10-09 10:15:00	masked, available in supplementary info or upon request	masked, available in supplementary info or upon request	FSPI_1192	masked, available in supplementary info or upon request	low
F1198	0	0	masked, available in supplementary info or upon request	Rainy	masked, available in supplementary info or upon request	masked, available in supplementary info or upon request	masked, available in supplementary info or upon request	masked, available in supplementary info or upon request	masked, available in supplementary info or upon request	masked, available in supplementary info or upon request	masked, available in supplementary info or upon request	October	Aedes	Stegomyia	gardnerri	Aedes gardneri	female	0	1	masked, available in supplementary info or upon request	masked, available in supplementary info or upon request	masked, available in supplementary info or upon request	masked, available in supplementary info or upon request	Pursat	2019-10-09 08:45:00	2019-10-10 08:47:00	masked, available in supplementary info or upon request	masked, available in supplementary info or upon request	FSPI_1198	masked, available in supplementary info or upon request	low
F1190	0	0	masked, available in supplementary info or upon request	Rainy	masked, available in supplementary info or upon request	masked, available in supplementary info or upon request	masked, available in supplementary info or upon request	masked, available in supplementary info or upon request	masked, available in supplementary info or upon request	masked, available in supplementary info or upon request	masked, available in supplementary info or upon request	October	Aedes	Stegomyia	gardnerii	Aedes gardneri	female	0	1	masked, available in supplementary info or upon request	masked, available in supplementary info or upon request	masked, available in supplementary info or upon request	masked, available in supplementary info or upon request	Pursat	2019-10-08 10:25:00	2019-10-09 10:15:00	masked, available in supplementary info or upon request	masked, available in supplementary info or upon request	FSPI_1190	masked, available in supplementary info or upon request	low
F1193	0	0	masked, available in supplementary info or upon request	Rainy	masked, available in supplementary info or upon request	masked, available in supplementary info or upon request	masked, available in supplementary info or upon request	masked, available in supplementary info or upon request	masked, available in supplementary info or upon request	masked, available in supplementary info or upon request	masked, available in supplementary info or upon request	October	Aedes	Stegomyia	gardnerii	Aedes gardneri	female	0	1	masked, available in supplementary info or upon request	masked, available in supplementary info or upon request	masked, available in supplementary info or upon request	masked, available in supplementary info or upon request	Pursat	2019-10-08 10:25:00	2019-10-09 10:15:00	masked, available in supplementary info or upon request	masked, available in supplementary info or upon request	FSPI_1193	masked, available in supplementary info or upon request	low
F1203	0	0	masked, available in supplementary info or upon request	Rainy	masked, available in supplementary info or upon request	masked, available in supplementary info or upon request	masked, available in supplementary info or upon request	masked, available in supplementary info or upon request	masked, available in supplementary info or upon request	masked, available in supplementary info or upon request	masked, available in supplementary info or upon request	October	Aedes	NA	thailandensis	Aedes thailandensis	female	0	1	masked, available in supplementary info or upon request	masked, available in supplementary info or upon request	masked, available in supplementary info or upon request	masked, available in supplementary info or upon request	Pursat	2019-10-08 10:25:00	2019-10-09 10:15:00	masked, available in supplementary info or upon request	masked, available in supplementary info or upon request	FSPI_1203	masked, available in supplementary info or upon request	low
F1209	0	0	masked, available in supplementary info or upon request	Rainy	masked, available in supplementary info or upon request	masked, available in supplementary info or upon request	masked, available in supplementary info or upon request	masked, available in supplementary info or upon request	masked, available in supplementary info or upon request	masked, available in supplementary info or upon request	masked, available in supplementary info or upon request	October	Aedes	NA	thailandensis	Aedes thailandensis	female	0	1	masked, available in supplementary info or upon request	masked, available in supplementary info or upon request	masked, available in supplementary info or upon request	masked, available in supplementary info or upon request	Pursat	2019-10-08 10:52:00	2019-10-09 10:45:00	masked, available in supplementary info or upon request	masked, available in supplementary info or upon request	FSPI_1209	masked, available in supplementary info or upon request	low
F1204	0	0	masked, available in supplementary info or upon request	Rainy	masked, available in supplementary info or upon request	masked, available in supplementary info or upon request	masked, available in supplementary info or upon request	masked, available in supplementary info or upon request	masked, available in supplementary info or upon request	masked, available in supplementary info or upon request	masked, available in supplementary info or upon request	October	Aedes	NA	thailandensis	Aedes thailandensis	female	0	1	masked, available in supplementary info or upon request	masked, available in supplementary info or upon request	masked, available in supplementary info or upon request	masked, available in supplementary info or upon request	Pursat	2019-10-08 10:25:00	2019-10-09 10:15:00	masked, available in supplementary info or upon request	masked, available in supplementary info or upon request	FSPI_1204	masked, available in supplementary info or upon request	low
F1202	0	0	masked, available in supplementary info or upon request	Rainy	masked, available in supplementary info or upon request	masked, available in supplementary info or upon request	masked, available in supplementary info or upon request	masked, available in supplementary info or upon request	masked, available in supplementary info or upon request	masked, available in supplementary info or upon request	masked, available in supplementary info or upon request	October	Aedes	NA	thailandensis	Aedes thailandensis	female	0	1	masked, available in supplementary info or upon request	masked, available in supplementary info or upon request	masked, available in supplementary info or upon request	masked, available in supplementary info or upon request	Pursat	2019-10-08 10:25:00	2019-10-09 10:15:00	masked, available in supplementary info or upon request	masked, available in supplementary info or upon request	FSPI_1202	masked, available in supplementary info or upon request	low
F1206	0	0	masked, available in supplementary info or upon request	Rainy	masked, available in supplementary info or upon request	masked, available in supplementary info or upon request	masked, available in supplementary info or upon request	masked, available in supplementary info or upon request	masked, available in supplementary info or upon request	masked, available in supplementary info or upon request	masked, available in supplementary info or upon request	October	Aedes	NA	thailandensis	Aedes thailandensis	female	0	1	masked, available in supplementary info or upon request	masked, available in supplementary info or upon request	masked, available in supplementary info or upon request	masked, available in supplementary info or upon request	Pursat	2019-10-08 10:25:00	2019-10-09 10:15:00	masked, available in supplementary info or upon request	masked, available in supplementary info or upon request	FSPI_1206	masked, available in supplementary info or upon request	low
F1246	0	0	masked, available in supplementary info or upon request	Rainy	masked, available in supplementary info or upon request	masked, available in supplementary info or upon request	masked, available in supplementary info or upon request	masked, available in supplementary info or upon request	masked, available in supplementary info or upon request	masked, available in supplementary info or upon request	masked, available in supplementary info or upon request	October	Culex	Eumelanomyia	brevipalpis	Culex brevipalpis	female	0	1	masked, available in supplementary info or upon request	masked, available in supplementary info or upon request	masked, available in supplementary info or upon request	masked, available in supplementary info or upon request	Pursat	2019-10-07 14:23:00	2019-10-08 14:25:00	masked, available in supplementary info or upon request	masked, available in supplementary info or upon request	FSPI_1246	masked, available in supplementary info or upon request	low
F1247	0	0	masked, available in supplementary info or upon request	Rainy	masked, available in supplementary info or upon request	masked, available in supplementary info or upon request	masked, available in supplementary info or upon request	masked, available in supplementary info or upon request	masked, available in supplementary info or upon request	masked, available in supplementary info or upon request	masked, available in supplementary info or upon request	October	Culex	Eumelanomyia	brevipalpis	Culex brevipalpis	female	0	1	masked, available in supplementary info or upon request	masked, available in supplementary info or upon request	masked, available in supplementary info or upon request	masked, available in supplementary info or upon request	Pursat	2019-10-07 14:23:00	2019-10-08 14:25:00	masked, available in supplementary info or upon request	masked, available in supplementary info or upon request	FSPI_1247	masked, available in supplementary info or upon request	low
F1415	0	0	masked, available in supplementary info or upon request	Rainy	masked, available in supplementary info or upon request	masked, available in supplementary info or upon request	masked, available in supplementary info or upon request	masked, available in supplementary info or upon request	masked, available in supplementary info or upon request	masked, available in supplementary info or upon request	masked, available in supplementary info or upon request	October	Culex	Culex	brevipalpis	Culex brevipalpis	female	0	1	masked, available in supplementary info or upon request	masked, available in supplementary info or upon request	masked, available in supplementary info or upon request	masked, available in supplementary info or upon request	Kompong Thom	2019-10-16 15:38:00	2019-10-17 15:28:00	masked, available in supplementary info or upon request	masked, available in supplementary info or upon request	FSPI_1415	masked, available in supplementary info or upon request	low
F1416	0	0	masked, available in supplementary info or upon request	Rainy	masked, available in supplementary info or upon request	masked, available in supplementary info or upon request	masked, available in supplementary info or upon request	masked, available in supplementary info or upon request	masked, available in supplementary info or upon request	masked, available in supplementary info or upon request	masked, available in supplementary info or upon request	October	Culex	Culex	brevipalpis	Culex brevipalpis	female	0	1	masked, available in supplementary info or upon request	masked, available in supplementary info or upon request	masked, available in supplementary info or upon request	masked, available in supplementary info or upon request	Kompong Thom	2019-10-16 16:55:00	2019-10-17 16:42:00	masked, available in supplementary info or upon request	masked, available in supplementary info or upon request	FSPI_1416	masked, available in supplementary info or upon request	low
F1253	0	0	masked, available in supplementary info or upon request	Rainy	masked, available in supplementary info or upon request	masked, available in supplementary info or upon request	masked, available in supplementary info or upon request	masked, available in supplementary info or upon request	masked, available in supplementary info or upon request	masked, available in supplementary info or upon request	masked, available in supplementary info or upon request	October	Culex	Lophoceraomyia	cinctellus	Culex cinctellus	female	0	1	masked, available in supplementary info or upon request	masked, available in supplementary info or upon request	masked, available in supplementary info or upon request	masked, available in supplementary info or upon request	Pursat	2019-10-07 14:23:00	2019-10-08 14:25:00	masked, available in supplementary info or upon request	masked, available in supplementary info or upon request	FSPI_1253	masked, available in supplementary info or upon request	low
F1249	0	0	masked, available in supplementary info or upon request	Rainy	masked, available in supplementary info or upon request	masked, available in supplementary info or upon request	masked, available in supplementary info or upon request	masked, available in supplementary info or upon request	masked, available in supplementary info or upon request	masked, available in supplementary info or upon request	masked, available in supplementary info or upon request	October	Culex	Lophoceraomyia	cinctellus	Culex cinctellus	female	0	1	masked, available in supplementary info or upon request	masked, available in supplementary info or upon request	masked, available in supplementary info or upon request	masked, available in supplementary info or upon request	Pursat	2019-10-07 14:23:00	2019-10-08 14:25:00	masked, available in supplementary info or upon request	masked, available in supplementary info or upon request	FSPI_1249	masked, available in supplementary info or upon request	low
F1250	0	0	masked, available in supplementary info or upon request	Rainy	masked, available in supplementary info or upon request	masked, available in supplementary info or upon request	masked, available in supplementary info or upon request	masked, available in supplementary info or upon request	masked, available in supplementary info or upon request	masked, available in supplementary info or upon request	masked, available in supplementary info or upon request	October	Culex	Lophoceraomyia	cinctellus	Culex cinctellus	female	0	1	masked, available in supplementary info or upon request	masked, available in supplementary info or upon request	masked, available in supplementary info or upon request	masked, available in supplementary info or upon request	Pursat	2019-10-07 14:23:00	2019-10-08 14:25:00	masked, available in supplementary info or upon request	masked, available in supplementary info or upon request	FSPI_1250	masked, available in supplementary info or upon request	low
F1255	0	0	masked, available in supplementary info or upon request	Rainy	masked, available in supplementary info or upon request	masked, available in supplementary info or upon request	masked, available in supplementary info or upon request	masked, available in supplementary info or upon request	masked, available in supplementary info or upon request	masked, available in supplementary info or upon request	masked, available in supplementary info or upon request	October	Culex	Lophoceraomyia	cinctellus	Culex cinctellus	female	0	1	masked, available in supplementary info or upon request	masked, available in supplementary info or upon request	masked, available in supplementary info or upon request	masked, available in supplementary info or upon request	Pursat	2019-10-07 14:23:00	2019-10-08 14:25:00	masked, available in supplementary info or upon request	masked, available in supplementary info or upon request	FSPI_1255	masked, available in supplementary info or upon request	low
F1646	0	0	masked, available in supplementary info or upon request	Rainy	masked, available in supplementary info or upon request	masked, available in supplementary info or upon request	masked, available in supplementary info or upon request	masked, available in supplementary info or upon request	masked, available in supplementary info or upon request	masked, available in supplementary info or upon request	masked, available in supplementary info or upon request	October	Culex	Lophoceraomyia	cinctellus	Culex cinctellus	female	0	1	masked, available in supplementary info or upon request	masked, available in supplementary info or upon request	masked, available in supplementary info or upon request	masked, available in supplementary info or upon request	Preah Vihear	2019-10-21 15:25:00	2019-10-22 15:20:00	masked, available in supplementary info or upon request	masked, available in supplementary info or upon request	FSPI_1646	masked, available in supplementary info or upon request	low
F1280	0	0	masked, available in supplementary info or upon request	Rainy	masked, available in supplementary info or upon request	masked, available in supplementary info or upon request	masked, available in supplementary info or upon request	masked, available in supplementary info or upon request	masked, available in supplementary info or upon request	masked, available in supplementary info or upon request	masked, available in supplementary info or upon request	October	Culex	Lophoceraomyia	infantulus	Culex infantulus	female	0	1	masked, available in supplementary info or upon request	masked, available in supplementary info or upon request	masked, available in supplementary info or upon request	masked, available in supplementary info or upon request	Pursat	2019-10-07 14:23:00	2019-10-08 14:25:00	masked, available in supplementary info or upon request	masked, available in supplementary info or upon request	FSPI_1280	masked, available in supplementary info or upon request	low
F1275	0	0	masked, available in supplementary info or upon request	Rainy	masked, available in supplementary info or upon request	masked, available in supplementary info or upon request	masked, available in supplementary info or upon request	masked, available in supplementary info or upon request	masked, available in supplementary info or upon request	masked, available in supplementary info or upon request	masked, available in supplementary info or upon request	October	Culex	Lophoceraomyia	infantulus	Culex infantulus	female	0	1	masked, available in supplementary info or upon request	masked, available in supplementary info or upon request	masked, available in supplementary info or upon request	masked, available in supplementary info or upon request	Pursat	2019-10-07 14:23:00	2019-10-08 14:25:00	masked, available in supplementary info or upon request	masked, available in supplementary info or upon request	FSPI_1275	masked, available in supplementary info or upon request	low
F1285	0	0	masked, available in supplementary info or upon request	Rainy	masked, available in supplementary info or upon request	masked, available in supplementary info or upon request	masked, available in supplementary info or upon request	masked, available in supplementary info or upon request	masked, available in supplementary info or upon request	masked, available in supplementary info or upon request	masked, available in supplementary info or upon request	October	Culex	Lophoceraomyia	infantulus	Culex infantulus	female	0	1	masked, available in supplementary info or upon request	masked, available in supplementary info or upon request	masked, available in supplementary info or upon request	masked, available in supplementary info or upon request	Pursat	2019-10-07 14:23:00	2019-10-08 14:25:00	masked, available in supplementary info or upon request	masked, available in supplementary info or upon request	FSPI_1285	masked, available in supplementary info or upon request	low
F1284	0	0	masked, available in supplementary info or upon request	Rainy	masked, available in supplementary info or upon request	masked, available in supplementary info or upon request	masked, available in supplementary info or upon request	masked, available in supplementary info or upon request	masked, available in supplementary info or upon request	masked, available in supplementary info or upon request	masked, available in supplementary info or upon request	October	Culex	Lophoceraomyia	infantulus	Culex infantulus	female	0	1	masked, available in supplementary info or upon request	masked, available in supplementary info or upon request	masked, available in supplementary info or upon request	masked, available in supplementary info or upon request	Pursat	2019-10-07 14:23:00	2019-10-08 14:25:00	masked, available in supplementary info or upon request	masked, available in supplementary info or upon request	FSPI_1284	masked, available in supplementary info or upon request	low
F1039	0	0	masked, available in supplementary info or upon request	Rainy	masked, available in supplementary info or upon request	masked, available in supplementary info or upon request	masked, available in supplementary info or upon request	masked, available in supplementary info or upon request	masked, available in supplementary info or upon request	masked, available in supplementary info or upon request	masked, available in supplementary info or upon request	October	Culex	Culicomyia	nigropunctatus	Culex nigropunctatus	female	0	1	masked, available in supplementary info or upon request	masked, available in supplementary info or upon request	masked, available in supplementary info or upon request	masked, available in supplementary info or upon request	Battambang & Pailin	2019-10-15 16:25:00	2019-10-16 16:25:00	masked, available in supplementary info or upon request	masked, available in supplementary info or upon request	FSPI_1039	masked, available in supplementary info or upon request	low
F1290	0	0	masked, available in supplementary info or upon request	Rainy	masked, available in supplementary info or upon request	masked, available in supplementary info or upon request	masked, available in supplementary info or upon request	masked, available in supplementary info or upon request	masked, available in supplementary info or upon request	masked, available in supplementary info or upon request	masked, available in supplementary info or upon request	October	Culex	Culiciomyia	nigropunctatus	Culex nigropunctatus	female	0	1	masked, available in supplementary info or upon request	masked, available in supplementary info or upon request	masked, available in supplementary info or upon request	masked, available in supplementary info or upon request	Pursat	2019-10-07 14:23:00	2019-10-08 14:25:00	masked, available in supplementary info or upon request	masked, available in supplementary info or upon request	FSPI_1290	masked, available in supplementary info or upon request	low
F1294	0	0	masked, available in supplementary info or upon request	Rainy	masked, available in supplementary info or upon request	masked, available in supplementary info or upon request	masked, available in supplementary info or upon request	masked, available in supplementary info or upon request	masked, available in supplementary info or upon request	masked, available in supplementary info or upon request	masked, available in supplementary info or upon request	October	Culex	Culiciomyia	nigropunctatus	Culex nigropunctatus	female	0	1	masked, available in supplementary info or upon request	masked, available in supplementary info or upon request	masked, available in supplementary info or upon request	masked, available in supplementary info or upon request	Pursat	2019-10-07 14:23:00	2019-10-08 14:25:00	masked, available in supplementary info or upon request	masked, available in supplementary info or upon request	FSPI_1294	masked, available in supplementary info or upon request	low
F1563	0	0	masked, available in supplementary info or upon request	Rainy	masked, available in supplementary info or upon request	masked, available in supplementary info or upon request	masked, available in supplementary info or upon request	masked, available in supplementary info or upon request	masked, available in supplementary info or upon request	masked, available in supplementary info or upon request	masked, available in supplementary info or upon request	October	Culex	Culiciomyia	nigropunctatus	Culex nigropunctatus	female	0	1	masked, available in supplementary info or upon request	masked, available in supplementary info or upon request	masked, available in supplementary info or upon request	masked, available in supplementary info or upon request	Preah Vihear	2019-10-21 15:25:00	2019-10-22 15:20:00	masked, available in supplementary info or upon request	masked, available in supplementary info or upon request	FSPI_1563	masked, available in supplementary info or upon request	low
F1564	0	0	masked, available in supplementary info or upon request	Rainy	masked, available in supplementary info or upon request	masked, available in supplementary info or upon request	masked, available in supplementary info or upon request	masked, available in supplementary info or upon request	masked, available in supplementary info or upon request	masked, available in supplementary info or upon request	masked, available in supplementary info or upon request	October	Culex	Culiciomyia	nigropunctatus	Culex nigropunctatus	female	0	1	masked, available in supplementary info or upon request	masked, available in supplementary info or upon request	masked, available in supplementary info or upon request	masked, available in supplementary info or upon request	Preah Vihear	2019-10-21 16:00:00	2019-10-22 15:57:00	masked, available in supplementary info or upon request	masked, available in supplementary info or upon request	FSPI_1564	masked, available in supplementary info or upon request	low
F1132	0	0	masked, available in supplementary info or upon request	Rainy	masked, available in supplementary info or upon request	masked, available in supplementary info or upon request	masked, available in supplementary info or upon request	masked, available in supplementary info or upon request	masked, available in supplementary info or upon request	masked, available in supplementary info or upon request	masked, available in supplementary info or upon request	October	Culex	Culex	tritaeniorhynchus	Culex tritaeniorhynchus	female	0	1	masked, available in supplementary info or upon request	masked, available in supplementary info or upon request	masked, available in supplementary info or upon request	masked, available in supplementary info or upon request	Sihanuokville	2019-10-08 08:15:00	2019-10-09 08:00:00	masked, available in supplementary info or upon request	masked, available in supplementary info or upon request	FSPI_1132	masked, available in supplementary info or upon request	low
F1134	0	0	masked, available in supplementary info or upon request	Rainy	masked, available in supplementary info or upon request	masked, available in supplementary info or upon request	masked, available in supplementary info or upon request	masked, available in supplementary info or upon request	masked, available in supplementary info or upon request	masked, available in supplementary info or upon request	masked, available in supplementary info or upon request	October	Culex	Culex	tritaeniorhynchus	Culex tritaeniorhynchus	female	0	1	masked, available in supplementary info or upon request	masked, available in supplementary info or upon request	masked, available in supplementary info or upon request	masked, available in supplementary info or upon request	Sihanuokville	2019-10-08 08:15:00	2019-10-09 08:00:00	masked, available in supplementary info or upon request	masked, available in supplementary info or upon request	FSPI_1134	masked, available in supplementary info or upon request	low
F1449	0	0	masked, available in supplementary info or upon request	Rainy	masked, available in supplementary info or upon request	masked, available in supplementary info or upon request	masked, available in supplementary info or upon request	masked, available in supplementary info or upon request	masked, available in supplementary info or upon request	masked, available in supplementary info or upon request	masked, available in supplementary info or upon request	October	Culex	Culex	tritaeniorhynchus	Culex tritaeniorhynchus	female	0	1	masked, available in supplementary info or upon request	masked, available in supplementary info or upon request	masked, available in supplementary info or upon request	masked, available in supplementary info or upon request	Kompong Thom	2019-10-14 13:30:00	2019-10-15 13:28:00	masked, available in supplementary info or upon request	masked, available in supplementary info or upon request	FSPI_1449	masked, available in supplementary info or upon request	low
F1450	0	0	masked, available in supplementary info or upon request	Rainy	masked, available in supplementary info or upon request	masked, available in supplementary info or upon request	masked, available in supplementary info or upon request	masked, available in supplementary info or upon request	masked, available in supplementary info or upon request	masked, available in supplementary info or upon request	masked, available in supplementary info or upon request	October	Culex	Culex	tritaeniorhynchus	Culex tritaeniorhynchus	female	0	1	masked, available in supplementary info or upon request	masked, available in supplementary info or upon request	masked, available in supplementary info or upon request	masked, available in supplementary info or upon request	Kompong Thom	2019-10-14 13:30:00	2019-10-15 13:28:00	masked, available in supplementary info or upon request	masked, available in supplementary info or upon request	FSPI_1450	masked, available in supplementary info or upon request	low
F1598	0	0	masked, available in supplementary info or upon request	Rainy	masked, available in supplementary info or upon request	masked, available in supplementary info or upon request	masked, available in supplementary info or upon request	masked, available in supplementary info or upon request	masked, available in supplementary info or upon request	masked, available in supplementary info or upon request	masked, available in supplementary info or upon request	October	Culex	Culex	tritaeniorhynchus	Culex tritaeniorhynchus	female	0	1	masked, available in supplementary info or upon request	masked, available in supplementary info or upon request	masked, available in supplementary info or upon request	masked, available in supplementary info or upon request	Preah Vihear	2019-10-21 15:25:00	2019-10-22 15:20:00	masked, available in supplementary info or upon request	masked, available in supplementary info or upon request	FSPI_1598	masked, available in supplementary info or upon request	low
F1334	0	0	masked, available in supplementary info or upon request	Rainy	masked, available in supplementary info or upon request	masked, available in supplementary info or upon request	masked, available in supplementary info or upon request	masked, available in supplementary info or upon request	masked, available in supplementary info or upon request	masked, available in supplementary info or upon request	masked, available in supplementary info or upon request	October	Mansonia	Mansonioides	annulifera	Mansonia annulifera	female	0	1	masked, available in supplementary info or upon request	masked, available in supplementary info or upon request	masked, available in supplementary info or upon request	masked, available in supplementary info or upon request	Pursat	2019-10-08 08:45:00	2019-10-09 08:45:00	masked, available in supplementary info or upon request	masked, available in supplementary info or upon request	FSPI_1334	masked, available in supplementary info or upon request	low
F1467	0	0	masked, available in supplementary info or upon request	Rainy	masked, available in supplementary info or upon request	masked, available in supplementary info or upon request	masked, available in supplementary info or upon request	masked, available in supplementary info or upon request	masked, available in supplementary info or upon request	masked, available in supplementary info or upon request	masked, available in supplementary info or upon request	October	Mansonia	Mansonioides	annulifera	Mansonia annulifera	female	0	1	masked, available in supplementary info or upon request	masked, available in supplementary info or upon request	masked, available in supplementary info or upon request	masked, available in supplementary info or upon request	Kompong Thom	2019-10-14 16:55:00	2019-10-15 16:50:00	masked, available in supplementary info or upon request	masked, available in supplementary info or upon request	FSPI_1467	masked, available in supplementary info or upon request	low
F1468	0	0	masked, available in supplementary info or upon request	Rainy	masked, available in supplementary info or upon request	masked, available in supplementary info or upon request	masked, available in supplementary info or upon request	masked, available in supplementary info or upon request	masked, available in supplementary info or upon request	masked, available in supplementary info or upon request	masked, available in supplementary info or upon request	October	Mansonia	Mansonioides	annulifera	Mansonia annulifera	female	0	1	masked, available in supplementary info or upon request	masked, available in supplementary info or upon request	masked, available in supplementary info or upon request	masked, available in supplementary info or upon request	Kompong Thom	2019-10-16 14:27:00	2019-10-17 14:32:00	masked, available in supplementary info or upon request	masked, available in supplementary info or upon request	FSPI_1468	masked, available in supplementary info or upon request	low
F1614	0	0	masked, available in supplementary info or upon request	Rainy	masked, available in supplementary info or upon request	masked, available in supplementary info or upon request	masked, available in supplementary info or upon request	masked, available in supplementary info or upon request	masked, available in supplementary info or upon request	masked, available in supplementary info or upon request	masked, available in supplementary info or upon request	October	Mansonia	Mansonioides	annulifera	Mansonia annulifera	female	0	1	masked, available in supplementary info or upon request	masked, available in supplementary info or upon request	masked, available in supplementary info or upon request	masked, available in supplementary info or upon request	Preah Vihear	2019-10-21 15:45:00	2019-10-22 15:40:00	masked, available in supplementary info or upon request	masked, available in supplementary info or upon request	FSPI_1614	masked, available in supplementary info or upon request	low
F1615	0	0	masked, available in supplementary info or upon request	Rainy	masked, available in supplementary info or upon request	masked, available in supplementary info or upon request	masked, available in supplementary info or upon request	masked, available in supplementary info or upon request	masked, available in supplementary info or upon request	masked, available in supplementary info or upon request	masked, available in supplementary info or upon request	October	Mansonia	Mansonioides	annulifera	Mansonia annulifera	female	0	1	masked, available in supplementary info or upon request	masked, available in supplementary info or upon request	masked, available in supplementary info or upon request	masked, available in supplementary info or upon request	Preah Vihear	2019-10-21 15:45:00	2019-10-22 15:40:00	masked, available in supplementary info or upon request	masked, available in supplementary info or upon request	FSPI_1615	masked, available in supplementary info or upon request	low
F1492	0	0	masked, available in supplementary info or upon request	Rainy	masked, available in supplementary info or upon request	masked, available in supplementary info or upon request	masked, available in supplementary info or upon request	masked, available in supplementary info or upon request	masked, available in supplementary info or upon request	masked, available in supplementary info or upon request	masked, available in supplementary info or upon request	October	Mansonia	Mansonioides	uniformis	Mansonia uniformis	female	0	1	masked, available in supplementary info or upon request	masked, available in supplementary info or upon request	masked, available in supplementary info or upon request	masked, available in supplementary info or upon request	Kompong Thom	2019-10-15 16:45:00	2019-10-16 16:40:00	masked, available in supplementary info or upon request	masked, available in supplementary info or upon request	FSPI_1492	masked, available in supplementary info or upon request	low
F1498	0	0	masked, available in supplementary info or upon request	Rainy	masked, available in supplementary info or upon request	masked, available in supplementary info or upon request	masked, available in supplementary info or upon request	masked, available in supplementary info or upon request	masked, available in supplementary info or upon request	masked, available in supplementary info or upon request	masked, available in supplementary info or upon request	October	Mansonia	Mansonioides	uniformis	Mansonia uniformis	female	0	1	masked, available in supplementary info or upon request	masked, available in supplementary info or upon request	masked, available in supplementary info or upon request	masked, available in supplementary info or upon request	Kompong Thom	2019-10-14 14:27:00	2019-10-15 14:30:00	masked, available in supplementary info or upon request	masked, available in supplementary info or upon request	FSPI_1498	masked, available in supplementary info or upon request	low
F1633	0	0	masked, available in supplementary info or upon request	Rainy	masked, available in supplementary info or upon request	masked, available in supplementary info or upon request	masked, available in supplementary info or upon request	masked, available in supplementary info or upon request	masked, available in supplementary info or upon request	masked, available in supplementary info or upon request	masked, available in supplementary info or upon request	October	Mansonia	Mansonioides	uniformis	Mansonia uniformis	female	0	1	masked, available in supplementary info or upon request	masked, available in supplementary info or upon request	masked, available in supplementary info or upon request	masked, available in supplementary info or upon request	Preah Vihear	2019-10-21 15:45:00	2019-10-22 15:40:00	masked, available in supplementary info or upon request	masked, available in supplementary info or upon request	FSPI_1633	masked, available in supplementary info or upon request	low
F1640	0	0	masked, available in supplementary info or upon request	Rainy	masked, available in supplementary info or upon request	masked, available in supplementary info or upon request	masked, available in supplementary info or upon request	masked, available in supplementary info or upon request	masked, available in supplementary info or upon request	masked, available in supplementary info or upon request	masked, available in supplementary info or upon request	October	Mansonia	Mansonioides	uniformis	Mansonia uniformis	female	0	1	masked, available in supplementary info or upon request	masked, available in supplementary info or upon request	masked, available in supplementary info or upon request	masked, available in supplementary info or upon request	Preah Vihear	2019-10-22 15:20:00	2019-10-23 15:25:00	masked, available in supplementary info or upon request	masked, available in supplementary info or upon request	FSPI_1640	masked, available in supplementary info or upon request	low
